[
	{
		"pk": 1,
		"model": "movies.genre",
		"fields": {
			"id": 28,
			"name": "액션"
		}
	},
	{
		"pk": 2,
		"model": "movies.genre",
		"fields": {
			"id": 12,
			"name": "모험"
		}
	},
	{
		"pk": 3,
		"model": "movies.genre",
		"fields": {
			"id": 16,
			"name": "애니메이션"
		}
	},
	{
		"pk": 4,
		"model": "movies.genre",
		"fields": {
			"id": 35,
			"name": "코미디"
		}
	},
	{
		"pk": 5,
		"model": "movies.genre",
		"fields": {
			"id": 80,
			"name": "범죄"
		}
	},
	{
		"pk": 6,
		"model": "movies.genre",
		"fields": {
			"id": 99,
			"name": "다큐멘터리"
		}
	},
	{
		"pk": 7,
		"model": "movies.genre",
		"fields": {
			"id": 18,
			"name": "드라마"
		}
	},
	{
		"pk": 8,
		"model": "movies.genre",
		"fields": {
			"id": 10751,
			"name": "가족"
		}
	},
	{
		"pk": 9,
		"model": "movies.genre",
		"fields": {
			"id": 14,
			"name": "판타지"
		}
	},
	{
		"pk": 10,
		"model": "movies.genre",
		"fields": {
			"id": 36,
			"name": "역사"
		}
	},
	{
		"pk": 11,
		"model": "movies.genre",
		"fields": {
			"id": 27,
			"name": "공포"
		}
	},
	{
		"pk": 12,
		"model": "movies.genre",
		"fields": {
			"id": 10402,
			"name": "음악"
		}
	},
	{
		"pk": 13,
		"model": "movies.genre",
		"fields": {
			"id": 9648,
			"name": "미스터리"
		}
	},
	{
		"pk": 14,
		"model": "movies.genre",
		"fields": {
			"id": 10749,
			"name": "로맨스"
		}
	},
	{
		"pk": 15,
		"model": "movies.genre",
		"fields": {
			"id": 878,
			"name": "SF"
		}
	},
	{
		"pk": 16,
		"model": "movies.genre",
		"fields": {
			"id": 10770,
			"name": "TV 영화"
		}
	},
	{
		"pk": 17,
		"model": "movies.genre",
		"fields": {
			"id": 53,
			"name": "스릴러"
		}
	},
	{
		"pk": 18,
		"model": "movies.genre",
		"fields": {
			"id": 10752,
			"name": "전쟁"
		}
	},
	{
		"pk": 19,
		"model": "movies.genre",
		"fields": {
			"id": 37,
			"name": "서부"
		}
	}
]