[
	{
		"pk": 1,
		"model": "movies.movie",
		"fields": {
			"title": "명탐정 피카츄",
			"vote_count": 446,
			"vote_average": 7,
			"movieId": 447404,
			"poster_url": "/8Vb7PJ2aUzel5iQ6R2Jxe4MTWac.jpg",
			"description": "기억을 잃은 채 깨어난 피카츄, 난 누구? 여긴 어디? 유일한 단서는 탐정모자에 적힌 해리란 이름과 주소. 주소 속 아파트에서 자신의 말을 유일하게 알아 듣는, 실종된 해리의 아들 팀 굿맨을 만나게 된다. 명탐정의 촉으로 이건 그야말로 대.박.사.건! 사라진 아빠를 찾기 위해 피카츄와 떠나는 기상천외한 모험이 시작된다. 피카피카!",
			"genre": [
				9648,
				10751,
				80,
				14,
				35,
				878
			],
			"popularity": 298.693,
			"image_url": "/nDP33LmQwNsnPv29GQazz59HjJI.jpg",
			"title_en": "Pokémon Detective Pikachu",
			"open_date": "2019-05-03",
			"revenue": 170400000,
			"runtime": 105
		}
	},
	{
		"pk": 2,
		"model": "movies.movie",
		"fields": {
			"title": "어벤져스: 엔드게임",
			"vote_count": 5308,
			"vote_average": 8.5,
			"movieId": 299534,
			"poster_url": "/n78LK2t1uQP68Ud0VXHRe0HmKOp.jpg",
			"description": "인피니티 워 이후 절반만 살아남은 지구, 마지막 희망이 된 어벤져스! 먼저 떠난 그들을 위해 모든 것을 걸었다!",
			"genre": [
				12,
				878,
				28
			],
			"popularity": 297.312,
			"image_url": "/7RyHsO4yDXtBv1zUU3mTpHeQ0d5.jpg",
			"title_en": "Avengers: Endgame",
			"open_date": "2019-04-24",
			"revenue": 2503147735,
			"runtime": 181
		}
	},
	{
		"pk": 3,
		"model": "movies.movie",
		"fields": {
			"title": "샤잠!",
			"vote_count": 1557,
			"vote_average": 7.1,
			"movieId": 287947,
			"poster_url": "/sPZxApU8d90Czd11S60UqOhuP9R.jpg",
			"description": "솔로몬의 지혜, 헤라클레스의 힘, 아틀라스의 체력, 제우스의 권능, 아킬레스의 용기, 머큐리의 스피드까지 우연히 슈퍼 파워를 얻게 된 소년. 자신의 능력을 깨닫고 악당을 물리치는 슈퍼히어로로 다시 태어난다! 주문을 외쳐라, ‘샤잠’!",
			"genre": [
				35,
				12,
				14,
				28
			],
			"popularity": 205.832,
			"image_url": "/bi4jh0Kt0uuZGsGJoUUfqmbrjQg.jpg",
			"title_en": "Shazam!",
			"open_date": "2019-03-23",
			"revenue": 321937864,
			"runtime": 132
		}
	},
	{
		"pk": 4,
		"model": "movies.movie",
		"fields": {
			"title": "더 보이",
			"vote_count": 8,
			"vote_average": 5,
			"movieId": 531309,
			"poster_url": "/eTEXcHiEk6r10HD2015xNYLUWYu.jpg",
			"description": "어느 날, 간절히 아기를 원하던 부부에게 찾아온 다른 세계의 소년 ‘브랜든’. 부모의 보살핌 속에 평범하게 자라던 중 자신에게 숨겨진 강력한 힘을 깨닫게 되면서 인류를 위협할 사악한 본성을 드러내기 시작하는데…",
			"genre": [
				27,
				878,
				18,
				53
			],
			"popularity": 129.668,
			"image_url": "/uHEI6v8ApQusjbaRZ8o7WcLYeWb.jpg",
			"title_en": "Brightburn",
			"open_date": "2019-05-10",
			"revenue": 0,
			"runtime": 90
		}
	},
	{
		"pk": 5,
		"model": "movies.movie",
		"fields": {
			"title": "헬보이",
			"vote_count": 369,
			"vote_average": 5.1,
			"movieId": 456740,
			"poster_url": "/gua7L4syuPUZeG35lpu5xvOzquH.jpg",
			"description": "'헬보이' 자신이 소속된 B.P.R.D의 임무로 영국의 한 비밀 단체의 괴수 사냥을 도우러 갔지만 되려 공격을 당하고, 곧 영국에서 어마어마한 일이 벌어지고 있다는 것을 알게 된다. 서기 566년, 아서왕에게 패하고 몸이 7조각으로 나뉘어 봉인된 '블러드 퀸'을 다시 부활시켜 인류를 파멸시키려는 초자연적 빌런들에 의해 영국은 물론 전 세계가 위험에 빠지게 된다. 헬보이는 이들에 맞서 인류를 위험으로부터 구해야만 하는데…",
			"genre": [
				28,
				12,
				14
			],
			"popularity": 125.642,
			"image_url": "/5BkSkNtfrnTuKOtTaZhl8avn4wU.jpg",
			"title_en": "Hellboy",
			"open_date": "2019-04-10",
			"revenue": 12015000,
			"runtime": 121
		}
	},
	{
		"pk": 6,
		"model": "movies.movie",
		"fields": {
			"title": "존 윅 3: 파라벨룸",
			"vote_count": 17,
			"vote_average": 7.6,
			"movieId": 458156,
			"poster_url": "/ghx93NNkUHStNFIoXRoCMbfsxHv.jpg",
			"description": "업계 레전드 킬러 ‘존 윅’은 국제암살자연합을 통해 파문조치를 당한 후 그에게 따라 붙은 역대 최고의 현상금 1,400만 불로 인해 전 세계의 가장 위협적인 킬러들이 그와의 전쟁을 선포한다.",
			"genre": [
				80,
				28,
				53
			],
			"popularity": 120.772,
			"image_url": "/jEjyjX4izUucoq7A9jmbcT6q3e1.jpg",
			"title_en": "John Wick: Chapter 3 – Parabellum",
			"open_date": "2019-05-15",
			"revenue": 0,
			"runtime": 131
		}
	},
	{
		"pk": 7,
		"model": "movies.movie",
		"fields": {
			"title": "공포의 묘지",
			"vote_count": 499,
			"vote_average": 6,
			"movieId": 157433,
			"poster_url": "/vMwJY1zpUZ0zsLFyIqVVWuAzZQz.jpg",
			"description": "갑작스런 사고로 딸 엘리를 잃은 크리드(제이슨 클락)는 죽은 것이 살아 돌아온다는 애완동물 공동묘지에 딸을 묻게 되고, 어딘가 다른 모습으로 돌아온 엘리는 무시무시한 공포의 대상이 되어 가족들의 숨통을 조여오는데…",
			"genre": [
				53,
				9648,
				27
			],
			"popularity": 114.002,
			"image_url": "/dpJq6trUDOutSPSLrFdROPmzaVn.jpg",
			"title_en": "Pet Sematary",
			"open_date": "2019-04-04",
			"revenue": 42300000,
			"runtime": 101
		}
	},
	{
		"pk": 8,
		"model": "movies.movie",
		"fields": {
			"title": "콜드 체이싱",
			"vote_count": 508,
			"vote_average": 5.2,
			"movieId": 438650,
			"poster_url": "/r2pzXSlKzof7U7ahrX5hh1HNGit.jpg",
			"description": "평범한 제설차 운전수이자 올해의 모범시민 ‘넬스 콕스맨’. 법 없이도 살 수 있던 그는 마약 조직의 사이코패스 보스 ‘바이킹’이 꾸며낸 아들의 처참한 죽음 앞에서 분노의 심판자로 다시 태어난다. ‘스피도’, ‘림보’, ‘산타’ 등 마피아들을 연달아 처단하며 그들의 소굴에 한 걸음 가까워질수록 ‘넬스’의 분노는 죽음도 대신할 수 없는 깊은 복수심으로 소용돌이 치는데…",
			"genre": [
				28,
				18,
				53,
				80,
				35
			],
			"popularity": 112.882,
			"image_url": "/aiM3XxYE2JvW1vJ4AC6cI1RjAoT.jpg",
			"title_en": "Cold Pursuit",
			"open_date": "2019-02-07",
			"revenue": 59213931,
			"runtime": 119
		}
	},
	{
		"pk": 9,
		"model": "movies.movie",
		"fields": {
			"title": "허슬",
			"vote_count": 36,
			"vote_average": 6.1,
			"movieId": 449562,
			"poster_url": "/qibqW5Dnvqp4hcEnoTARbQgxwJy.jpg",
			"description": "",
			"genre": [
				35
			],
			"popularity": 110.113,
			"image_url": "/s6awXOxTKYQLSktiIJfI3969dZH.jpg",
			"title_en": "The Hustle",
			"open_date": "2019-05-09",
			"revenue": 0,
			"runtime": 94
		}
	},
	{
		"pk": 10,
		"model": "movies.movie",
		"fields": {
			"title": "애프터",
			"vote_count": 883,
			"vote_average": 6,
			"movieId": 537915,
			"poster_url": "/zTZ7Q9mAwBQoYaR8HgGbmBNp6AC.jpg",
			"description": "모범생 ‘테사’와 반항아 ‘하딘’ 강렬했던 첫 만남 이후 아슬아슬하고 위태로운 사랑을 시작한다.",
			"genre": [
				18,
				10749
			],
			"popularity": 95.808,
			"image_url": "/997ToEZvF2Obp9zNZbY5ELVnmrW.jpg",
			"title_en": "After",
			"open_date": "2019-04-11",
			"revenue": 62000000,
			"runtime": 106
		}
	},
	{
		"pk": 11,
		"model": "movies.movie",
		"fields": {
			"title": "나는 악마를 사랑했다",
			"vote_count": 441,
			"vote_average": 7.1,
			"movieId": 457799,
			"poster_url": "/3S9hjxjPePMGUjNRwnA4MrQxJFX.jpg",
			"description": "잔인한 연쇄살인범 테드 번디를 새로운 시선으로 바라본다. 수년간 번디가 무고하다 믿었던 그의 오랜 연인 리즈. 그녀의 눈에 비친 번디는 어떤 남자였을까.",
			"genre": [
				53,
				80,
				18,
				36
			],
			"popularity": 81.792,
			"image_url": "/5yXNf13ly6kFQSbI5BZRQlDhCib.jpg",
			"title_en": "Extremely Wicked, Shockingly Evil and Vile",
			"open_date": "2019-05-02",
			"revenue": 0,
			"runtime": 111
		}
	},
	{
		"pk": 12,
		"model": "movies.movie",
		"fields": {
			"title": "드래곤 길들이기 3",
			"vote_count": 1779,
			"vote_average": 7.6,
			"movieId": 166428,
			"poster_url": "/tR7qCJvVql0OQ42TzE1T6GUxjsI.jpg",
			"description": "바이킹 족장으로 거듭난 히컵과 그의 영원한 친구 투슬리스가 누구도 찾지 못했던 드래곤의 파라다이스 히든월드를 찾아 떠나는 마지막 모험을 담은 스펙터클 액션 어드벤처",
			"genre": [
				16,
				10751,
				12
			],
			"popularity": 81.122,
			"image_url": "/lFwykSz3Ykj1Q3JXJURnGUTNf1o.jpg",
			"title_en": "How to Train Your Dragon: The Hidden World",
			"open_date": "2019-01-03",
			"revenue": 508700470,
			"runtime": 104
		}
	},
	{
		"pk": 13,
		"model": "movies.movie",
		"fields": {
			"title": "Little",
			"vote_count": 54,
			"vote_average": 6.1,
			"movieId": 526050,
			"poster_url": "/4MDB6jJl3U7xK1Gw64zIqt9pQA4.jpg",
			"description": "",
			"genre": [
				35,
				14
			],
			"popularity": 75.302,
			"image_url": "/tmM78qRhpg0i2Cky8Q8hXKASOXY.jpg",
			"title_en": "Little",
			"open_date": "2019-04-04",
			"revenue": 17399000,
			"runtime": 108
		}
	},
	{
		"pk": 14,
		"model": "movies.movie",
		"fields": {
			"title": "왓 맨 원트",
			"vote_count": 254,
			"vote_average": 5.8,
			"movieId": 487297,
			"poster_url": "/30IiwvIRqPGjUV0bxJkZfnSiCL.jpg",
			"description": "",
			"genre": [
				35,
				14,
				10749
			],
			"popularity": 70.409,
			"image_url": "/wbAQKi2E5cO0Utk5KDk9yX3kuOu.jpg",
			"title_en": "What Men Want",
			"open_date": "2019-02-08",
			"revenue": 69766483,
			"runtime": 117
		}
	},
	{
		"pk": 15,
		"model": "movies.movie",
		"fields": {
			"title": "더 사일런스",
			"vote_count": 572,
			"vote_average": 6,
			"movieId": 527261,
			"poster_url": "/lTVOquzxw2DPF3MKuYd1ynz9F6H.jpg",
			"description": "공포로 뒤덮인 세상. 열세 살 때 청력을 잃은 소녀 앨리(키어넌 십카)는 가족과 함께 외딴 피난처를 찾아간다. 하지만 그곳에서 앨리와 가족들은 고도로 발달한 앨리의 감각을 이용하려는 사악한 광신도 집단과 마주치는데...",
			"genre": [
				27,
				18,
				53,
				14
			],
			"popularity": 68.044,
			"image_url": "/iHJQIKSLHN2mUUWySpj2MO5HVtS.jpg",
			"title_en": "The Silence",
			"open_date": "2019-05-16",
			"revenue": 0,
			"runtime": 91
		}
	},
	{
		"pk": 16,
		"model": "movies.movie",
		"fields": {
			"title": "명탐정 코난: 감청의 주먹",
			"vote_count": 5,
			"vote_average": 5.4,
			"movieId": 566555,
			"poster_url": "/gCbJGWpWsmmu4FvqwoG4dkO48EN.jpg",
			"description": "19세기 말에 해적선과 함께 싱가폴 앞 바다에 침몰되었다 알려진 세계 최대의 블루 사파이어인 \"감청의 주먹\"은 현지의 부자가 회수에 투자, 무대에 그 모습을 드러냈다. 그 때, 마리나 베이 샌즈에서 살인 사건이 발생. 현장에는 괴도 키드의 「피로 물든 예고장」이 남아 있었다. 한 편, 싱가포르에서 개최되는 가라데 토너먼트를 관전하기 위해 란과 소노코는 현지를 방문했다. 여권을 가지고 있지 않기 때문에 해외로 갈 수 없는 코난은 집을 볼 예정이었지만 그를 이용하려는 키드의 기묘한 방법으로 강제로 싱가포르에 끌려온다. 키드를 따르지 않으면 일본에 갈 수 조차없는 코난은 안경, 시계, 옷 등 모든 걸 빼앗기고 변장하게 된다. 그 정체를 모르고 란이 이름을 묻자 순간 아서 히라이(!?)라고 자칭한다. 이윽고 키드는 어느 저택의 지하 금고에 블루 사파이어가 잠들어 있다는 정보를 얻는다. 아주 간단하게 침입에 성공했다고 생각했지만 너무 위험한 함정이 키드를 기다리고 있었다. 가로막은 건 400전 무패의 최강의 가라테 선수인 쿄고쿠. 키드의 운명은... 그리고 불길한 뭔가를 전조하는 것처럼 싱가포르의 상징인 머라이언에서 진홍색으로 물든 물이 방출된다!",
			"genre": [
				16,
				28,
				18,
				9648,
				35
			],
			"popularity": 65.94,
			"image_url": "/wf6VDSi4aFCZfuD8sX8JAKLfJ5m.jpg",
			"title_en": "名探偵コナン 紺青の拳（フィスト）",
			"open_date": "2019-04-12",
			"revenue": 0,
			"runtime": null
		}
	},
	{
		"pk": 17,
		"model": "movies.movie",
		"fields": {
			"title": "파이팅 위드 마이 패밀리",
			"vote_count": 197,
			"vote_average": 6.4,
			"movieId": 445629,
			"poster_url": "/3TZCBAdKQiz0cGKGEjZiyZUA01O.jpg",
			"description": "",
			"genre": [
				35,
				18
			],
			"popularity": 58.39,
			"image_url": "/mYKP6qcDUimVMAHQWLOuDHjO19S.jpg",
			"title_en": "Fighting with My Family",
			"open_date": "2019-02-14",
			"revenue": 35744759,
			"runtime": 108
		}
	},
	{
		"pk": 18,
		"model": "movies.movie",
		"fields": {
			"title": "와인 컨트리",
			"vote_count": 63,
			"vote_average": 6.2,
			"movieId": 513083,
			"poster_url": "/mi5l29DQFdwrTXxbqM2OLbs830H.jpg",
			"description": "50번째 생일을 맞은 여인. 오랜 여자 친구들이 그날을 축하하기 위해 여행을 떠난다. 하지만 변치 않을 우정은 개뿔, 애증의 판도라 상자가 열렸다! 우리, 아직 친구 맞니?",
			"genre": [
				35
			],
			"popularity": 55.419,
			"image_url": "/zlGyQVqPoSLDsEgEgdWaUyqkxrC.jpg",
			"title_en": "Wine Country",
			"open_date": "2019-05-08",
			"revenue": 0,
			"runtime": 103
		}
	},
	{
		"pk": 19,
		"model": "movies.movie",
		"fields": {
			"title": "요로나의 저주",
			"vote_count": 272,
			"vote_average": 5.5,
			"movieId": 480414,
			"poster_url": "/8kllbCOM38idMWXzsk6mMzpbcsC.jpg",
			"description": "1973년, 애나는 남편 없이 두 아이와 살고 있다. 사회복지사인 애나가 담당하던 한 여인의 아이들이 불의의 사고로 목숨을 잃자, 그녀는 이것이 ‘요로나’의 짓이라면서 애나에게도 똑같은 저주가 내릴 것이라 예언한다. 어느 날부터인가 울음소리를 들려오고 의문의 존재가 아이들을 위협하는데...",
			"genre": [
				53,
				27,
				9648
			],
			"popularity": 50.616,
			"image_url": "/u2vGggeMPAkhEtD7bYGfeThsQiM.jpg",
			"title_en": "The Curse of La Llorona",
			"open_date": "2019-04-17",
			"revenue": 0,
			"runtime": 93
		}
	},
	{
		"pk": 20,
		"model": "movies.movie",
		"fields": {
			"title": "어스",
			"vote_count": 1301,
			"vote_average": 7.2,
			"movieId": 458723,
			"poster_url": "/vfNBftZoXsUnNWccz8ew9h8Jicx.jpg",
			"description": "애들레이드와 게이브 윌슨(루피타 뇽오와 윈스턴 듀크)은 아이들을 데리고 캘리포니아 북부에 있는 아들레이드의 오래된 해변가로 여름 휴가를 떠난다. 다음날 합류 한 타일러 가족(엘리자베스 모스와 팀 하이데커)과 함께 해변에서 하루를 보내지만, 애들레이드는 과거에 겪은 트라우마 증상이 심해지며 나쁜 일이 일어날 것이라는 공포에 시달린다. 밤이 되고 윌슨은 차도에 조용히 서있는 네명의 손을 맞잡은 뭔가를 보게 되는데...",
			"genre": [
				53,
				27
			],
			"popularity": 44.636,
			"image_url": "/jNUCddkM1fjYcFIcEwFjc7s2H4V.jpg",
			"title_en": "Us",
			"open_date": "2019-03-14",
			"revenue": 216581515,
			"runtime": 116
		}
	},
	{
		"pk": 11,
		"model": "movies.movie",
		"fields": {
			"title": "아이언 스카이2: 더 커밍 레이스",
			"vote_count": 27,
			"vote_average": 4.9,
			"movieId": 302349,
			"poster_url": "/pONHJTsLWi5oADisMqunEEQLpsd.jpg",
			"description": "2047년, 달 나치의 침략으로 멸망해버린 지구. 살아남은 마지막 인류는 달의 뒷면으로 이주해 살아간다. 하지만 인구 과잉에 물자 부족까지, 인간들이 살아가기엔 너무나 열악하다. 달에서 버틸 수 있는 시간도 얼마 남지 않은 상황에서 ‘오비’는 인류를 구할 단 하나의 방법이 지구에 있다는 사실을 알게 되는데…",
			"genre": [
				28,
				35,
				14,
				878,
				12
			],
			"popularity": 42.338,
			"image_url": "/lg97HvXE6XAk0Z0aCbuOlx2Ayiv.jpg",
			"title_en": "Iron Sky: The Coming Race",
			"open_date": "2019-01-25",
			"revenue": 0,
			"runtime": 90
		}
	},
	{
		"pk": 12,
		"model": "movies.movie",
		"fields": {
			"title": "엽문 외전",
			"vote_count": 134,
			"vote_average": 5.1,
			"movieId": 450001,
			"poster_url": "/oVrm99JDN7j5Zu2yKqTINIMXasC.jpg",
			"description": "영춘권 일인자 엽문에게 패배한 뒤, 무술계를 떠나 아들과 함께 평범한 삶을 살아가던 ‘장천지’ 우연히 암흑 조직에 쫓기던 한 여자를 도와준 그는 이후 생계는 물론, 목숨마저 위협받게 된다. 술과 마약 등 불법 사업을 확장해나가던 조직이 장천지의 주변 사람들까지 죽음으로 몰고 가자 더 이상 참지 못한 그는 정의를 위해 최후의 결전을 벌이게 되는데…",
			"genre": [
				28
			],
			"popularity": 41.314,
			"image_url": "/grtVFGJ4ts0nDAPpc1JWbBoVKTu.jpg",
			"title_en": "葉問外傳：張天志",
			"open_date": "2018-12-20",
			"revenue": 0,
			"runtime": 107
		}
	},
	{
		"pk": 13,
		"model": "movies.movie",
		"fields": {
			"title": "톨킨",
			"vote_count": 12,
			"vote_average": 5.6,
			"movieId": 468224,
			"poster_url": "/5ElXRKi773koW0mAnRjpNTpgZXZ.jpg",
			"description": "고아인 한 작가의 우정과 사랑 및 예술적인 영감을 그린 영화로 학교에서 소외된 학생들로 구성된 그룹의 일원으로 지내다가 1차 세계대전에 참전하면서 이들과의 우정에 위기가 다가오며 이런 일련의 일들을 토대로 그 유명한 중간계 소설들을 쓰게되는 영감이 된다.",
			"genre": [
				18
			],
			"popularity": 39.366,
			"image_url": "/wdw0KYwlIVu1VxESXFWM1x2z1dz.jpg",
			"title_en": "Tolkien",
			"open_date": "2019-05-03",
			"revenue": 0,
			"runtime": 112
		}
	},
	{
		"pk": 14,
		"model": "movies.movie",
		"fields": {
			"title": "프로디지",
			"vote_count": 181,
			"vote_average": 5.9,
			"movieId": 532671,
			"poster_url": "/wYKMKjuygREXTfcgsmYD0mBymNh.jpg",
			"description": "아기때부터 천재적인 지능을 보이며 엄마 ‘새라’를 흡족하게 하던 완벽한 소년 ‘마일스’.  영재교육을 받는 8살이 된 ‘마일스’는 점점 폭력적이고 손에 집착하는 이상 행동을 하며 무서운 소년으로 변해간다. 혹시 살인본능? 아니면 사이코패스? ‘마일스’의 증상을 걱정하던 ‘새라’는 한 의사를 통해 퇴행 최면을 받게 하고, 아들이 과거 끔찍한 일을 저지른 사람에게 빙의 됐다는 사실을 알게 된다.",
			"genre": [
				27,
				53
			],
			"popularity": 38.654,
			"image_url": "/oxTgovZ3TQ8LLxifUm16ROMULP5.jpg",
			"title_en": "The Prodigy",
			"open_date": "2019-02-06",
			"revenue": 14856291,
			"runtime": 92
		}
	},
	{
		"pk": 15,
		"model": "movies.movie",
		"fields": {
			"title": "유랑지구",
			"vote_count": 129,
			"vote_average": 6.4,
			"movieId": 535167,
			"poster_url": "/yrCsTt8phrO3tYQy0Nwep3bjLKm.jpg",
			"description": "​가까운 미래, 태양계 소멸 위기를 맞은 지구는 영하 70도의 이상 기후와 함께 목성과의 충돌이라는 대재앙에 직면한다. 그러자, 전 세계 연합정부는 지구 자체를 태양계 밖으로 이동시키기 위한 범우주적 인류이민계획을 세우는데…",
			"genre": [
				878,
				28,
				18
			],
			"popularity": 38.445,
			"image_url": "/m5OlkBJZKTlMGJUaxMDINplKBRp.jpg",
			"title_en": "流浪地球",
			"open_date": "2019-02-05",
			"revenue": 0,
			"runtime": 126
		}
	},
	{
		"pk": 16,
		"model": "movies.movie",
		"fields": {
			"title": "서스페리아",
			"vote_count": 682,
			"vote_average": 7.1,
			"movieId": 361292,
			"poster_url": "/l7RweYloEealQuhaaldcxDU5VS8.jpg",
			"description": "마담 블랑의 무용 아카데미에 들어가기 위해 미국에서 베를린으로 찾아온 소녀 수지 그리고 그 곳에서 겪는 기이하고 놀라운 경험",
			"genre": [
				53,
				9648,
				27,
				14
			],
			"popularity": 37.822,
			"image_url": "/AmO8I38bkHwKhgxPNrd6djBQyPU.jpg",
			"title_en": "Suspiria",
			"open_date": "2018-10-11",
			"revenue": 6348889,
			"runtime": 152
		}
	},
	{
		"pk": 17,
		"model": "movies.movie",
		"fields": {
			"title": "미스 발라",
			"vote_count": 64,
			"vote_average": 6.5,
			"movieId": 500852,
			"poster_url": "/ae9yrSAS7nLZPbbkOm61pSuIqeo.jpg",
			"description": "글로리아 푸엔테스(지나 로드리게스 분)는 로스앤젤레스 출신의 라틴 아메리카 메이크업 아티스트로, 가장 친한 친구 스즈(Suzu)를 만나러 멕시코 티후아나를 방문한다.  그들은 만남을 즐기기 위해 현지 나이트클럽에 함께 갔다가 멕시코 갱단과의 범죄에 연루된다.",
			"genre": [
				53,
				28,
				18
			],
			"popularity": 37.196,
			"image_url": "/5OoR3aVpxXluSCe9P5mhqOa36Gb.jpg",
			"title_en": "Miss Bala",
			"open_date": "2019-02-01",
			"revenue": 15200000,
			"runtime": 104
		}
	},
	{
		"pk": 18,
		"model": "movies.movie",
		"fields": {
			"title": "시스터스 브라더스",
			"vote_count": 541,
			"vote_average": 7,
			"movieId": 440161,
			"poster_url": "/7Tl2nZ6uvmxwK14Skbf9VFHEHpX.jpg",
			"description": "찰리와 엘리 시스터스 형제는 손에 피를 묻히고 산다. 청부살인이 직업이다. 형제는 파트너 존과 더불어 범죄자를 소탕하지만, 재미를 위해 살인을 하는 것은 아니다. 단지 일일 뿐이다. 동생 찰리가 이 일에 재능을 타고 난 반면, 엘리야는 평범한 삶을 꿈꾼다. 오레곤에서 캘리포니아까지, 새로운 추격이 시작된다.",
			"genre": [
				35,
				18,
				37
			],
			"popularity": 36.675,
			"image_url": "/iOa6iD7t7nv6wghPuMdZCaQSDJh.jpg",
			"title_en": "The Sisters Brothers",
			"open_date": "2018-09-19",
			"revenue": 0,
			"runtime": 122
		}
	},
	{
		"pk": 19,
		"model": "movies.movie",
		"fields": {
			"title": "그레타",
			"vote_count": 44,
			"vote_average": 6.2,
			"movieId": 471506,
			"poster_url": "/6Lgk1OGexD0fU8QqDBQHcvEwd1Z.jpg",
			"description": "뉴욕의 젊은 여성 프란세스가 서서히 사악함을 드러내는 의문의 미망인 그레타와 우연히 알게 되며 벌어지는 이야기를 그린 스릴러.",
			"genre": [
				53,
				18,
				9648
			],
			"popularity": 36.191,
			"image_url": "/n67gpLtNFXqpGkM2ZdQoPLjTnI.jpg",
			"title_en": "Greta",
			"open_date": "2019-02-28",
			"revenue": 0,
			"runtime": 98
		}
	},
	{
		"pk": 20,
		"model": "movies.movie",
		"fields": {
			"title": "하이 라이프",
			"vote_count": 118,
			"vote_average": 5.9,
			"movieId": 376865,
			"poster_url": "/wElOvH7H6sLElsTOLu1MY6oWRUx.jpg",
			"description": "고립된 이 우주선에서는 모든 것이 인공적이며 인간의 욕망 또한 통제된다. 과거의 상처로 인해 아이에게 집착하는 의사는, 탑승객이자 지구에서 버려진 죄수들을 대상으로 인공 수정을 시도하고, 아이가 태어난다. 유일한 생존자로 남은 몬테는 어린 딸을 돌보며 버티어 낸다. 블랙홀의 회전 에너지를 확인하여 인류에 크게 기여하려던 임무는 완수하지 못했다. 소녀로 성장한 딸과 몬테는 더 이상 구조의 희망을 기다릴 수 없다. 두 사람은 블랙홀로의 여정을 시작한다.",
			"genre": [
				878,
				18,
				9648,
				53
			],
			"popularity": 34.497,
			"image_url": "/6gHdAO1Lvk9bjzhY4hX3wVRkAhF.jpg",
			"title_en": "High Life",
			"open_date": "2018-11-07",
			"revenue": 0,
			"runtime": 113
		}
	},
	{
		"pk": 21,
		"model": "movies.movie",
		"fields": {
			"title": "메리, 퀸 오브 스코틀랜드",
			"vote_count": 538,
			"vote_average": 6.7,
			"movieId": 457136,
			"poster_url": "/yfXepc4qpll8ln3zbGvSROxppDO.jpg",
			"description": "비운의 스코틀랜드 여왕 메리 스튜어트의 일대기를 그린 사극",
			"genre": [
				18,
				36
			],
			"popularity": 34.484,
			"image_url": "/iv5N169nQIzrS0pZ8MBEiemTtVt.jpg",
			"title_en": "Mary Queen of Scots",
			"open_date": "2018-12-07",
			"revenue": 37807625,
			"runtime": 124
		}
	},
	{
		"pk": 22,
		"model": "movies.movie",
		"fields": {
			"title": "데이브 미로 만들다: 판타스틱 미로 대탈출",
			"vote_count": 83,
			"vote_average": 0,
			"movieId": 433941,
			"poster_url": "/xOEXJ7BdkQtClWypgTFhRbeoJlZ.jpg",
			"description": "여행을 마치고 돌아온 애니. 문을 여는 순간 입을 담을 수가 없다.  거실에 쌓여있는 제각각 모습의 재활용 박스들…  남자친구 데이브를 찾는데, 저 멀리 박스 안에서 들리는  데이브의 목소리 … “ 나 길을 잃었어 !”  세상에나… 거실에 있는 박스안에 도대체 무슨 일이 있는 걸까?  애니는 친구들과 함께 거대한 요새가 되어버린  종이박스 안으로 데이브를 찾으려 들어가는데….  이곳은 그냥 종이박스 안이 아닌데!....",
			"genre": [
				35,
				12,
				27
			],
			"popularity": 33.51,
			"image_url": "/sdV2CyNro8RnFx0NFbe7OIWp1v0.jpg",
			"title_en": "Dave Made a Maze",
			"open_date": "2019-05-16",
			"revenue": 0,
			"runtime": 80
		}
	},
	{
		"pk": 23,
		"model": "movies.movie",
		"fields": {
			"title": "왕이 될 아이",
			"vote_count": 169,
			"vote_average": 6.1,
			"movieId": 454294,
			"poster_url": "/dHAuBMp69Oz9HiHi7RjxGyOIl0f.jpg",
			"description": "바위에 꽂힌 미스터리한 검을 발견한 ‘알렉스’(루이스 서키스). 득템의 기쁨도 잠시, 다크포스 풍기는 마법 존재들의 공격에서 가까스로 위기를 모면한다. 마법사 ‘멀린’(패트릭 스튜어트)은 ‘알렉스’가 미래를 구할 왕이 될 아이라 말하고, 레알 베프와 무늬만 친구였던 아이들을 모아 최악의 마녀 ‘모가나’(레베카 퍼거슨)와 싸워야 한다. 최 연 소 초딩 히어로의 탄생• 절대악에 맞서 세상을 구하라!",
			"genre": [
				28,
				12,
				14,
				10751
			],
			"popularity": 33.484,
			"image_url": "/jmbgxBd86MshzQQvv5laKvOKoMm.jpg",
			"title_en": "The Kid Who Would Be King",
			"open_date": "2019-01-16",
			"revenue": 0,
			"runtime": 120
		}
	},
	{
		"pk": 24,
		"model": "movies.movie",
		"fields": {
			"title": "교수와 광인",
			"vote_count": 96,
			"vote_average": 7.3,
			"movieId": 411728,
			"poster_url": "/gtGCDLhfjW96qVarwctnuTpGOtD.jpg",
			"description": "19세기 중반, 영국언어학회는 '옥스퍼드 영어 사전' 편찬에 참여할 자원봉사자를 모집한다. 그중 가장 정력적으로 빼어난 예문들을 보내오는 닥터 마이너는 단연 돋보였다. 평소 이런 마이너에게 감사하던 새 사전 책임편집자 머리는 여러차례 그를 옥스퍼드로 초대하지만, 왠지 모르게 번번이 거절당한다. 그래서 20년 동안 두사람의 관계는 서신왕래를 통해서만 지속된다. 뛰어난 언어학 스럴러로 두사람의 기묘하게 얽힌 인생을 재창조해 낸다.",
			"genre": [
				18,
				36,
				9648
			],
			"popularity": 32.817,
			"image_url": "/zhNfM1CSQqJtIqelwlK9iKtSd9P.jpg",
			"title_en": "The Professor and the Madman",
			"open_date": "2019-03-07",
			"revenue": 0,
			"runtime": 124
		}
	},
	{
		"pk": 25,
		"model": "movies.movie",
		"fields": {
			"title": "The Sun Is Also a Star",
			"vote_count": 2,
			"vote_average": 8,
			"movieId": 508791,
			"poster_url": "/pYfI62qgone3Ai0tzgxtQq7chDE.jpg",
			"description": "",
			"genre": [
				10749,
				18
			],
			"popularity": 31.359,
			"image_url": "/d24OgB54IWzfxg7hTNiVXBYiuNe.jpg",
			"title_en": "The Sun Is Also a Star",
			"open_date": "2019-05-16",
			"revenue": 0,
			"runtime": 120
		}
	},
	{
		"pk": 26,
		"model": "movies.movie",
		"fields": {
			"title": "스탈린이 죽었다!",
			"vote_count": 711,
			"vote_average": 7,
			"movieId": 402897,
			"poster_url": "/zZNTT08oTs6doyKEXbZIojhlwEI.jpg",
			"description": "1953년 3월 2일 밤 한 남성이 죽어가고 있다. 심각한 뇌졸중이 그의 육체 전체에 고통을 가져다 준다. 그는 이오시프 스탈린이다. 소련 독재자의 최후의 날들을 추적하면서 그의 사망 이후 정권에 몰아닥친 혼란을 묘사한다.",
			"genre": [
				35,
				36
			],
			"popularity": 29.355,
			"image_url": "/tx5TFMF85qU2Ug4TRIGQZbDpzFA.jpg",
			"title_en": "The Death of Stalin",
			"open_date": "2017-10-20",
			"revenue": 24640027,
			"runtime": 107
		}
	},
	{
		"pk": 27,
		"model": "movies.movie",
		"fields": {
			"title": "브레이크스루",
			"vote_count": 39,
			"vote_average": 6.9,
			"movieId": 514439,
			"poster_url": "/t58dx7JIgchr9If5uxn3NmHaHoS.jpg",
			"description": "",
			"genre": [
				18
			],
			"popularity": 28.776,
			"image_url": "/6jaNHf9ja84YG3KWMDK1nOnvGDg.jpg",
			"title_en": "Breakthrough",
			"open_date": "2019-04-11",
			"revenue": 0,
			"runtime": 116
		}
	},
	{
		"pk": 28,
		"model": "movies.movie",
		"fields": {
			"title": "아스테릭스 - 더 시크릿 오브 더 매직 포션",
			"vote_count": 351,
			"vote_average": 7,
			"movieId": 527729,
			"poster_url": "/wmMq5ypRNJbWpdhC9aPjpdx1MMp.jpg",
			"description": "",
			"genre": [
				16,
				10751,
				35,
				12
			],
			"popularity": 28.642,
			"image_url": "/9cPMIuB2tv4IP0LbeNhrK5OyDy5.jpg",
			"title_en": "Astérix - Le Secret de la Potion Magique",
			"open_date": "2018-12-05",
			"revenue": 45631901,
			"runtime": 85
		}
	},
	{
		"pk": 29,
		"model": "movies.movie",
		"fields": {
			"title": "We Have Always Lived in the Castle",
			"vote_count": 0,
			"vote_average": 0,
			"movieId": 411144,
			"poster_url": "/2xg0n31TXPULoNuSeRNWPEHIcjF.jpg",
			"description": "",
			"genre": [
				18,
				9648,
				53
			],
			"popularity": 27.873,
			"image_url": "/fFI2MuuA2gRRFuYVKMdVWojPmHW.jpg",
			"title_en": "We Have Always Lived in the Castle",
			"open_date": "2019-05-17",
			"revenue": 0,
			"runtime": 96
		}
	},
	{
		"pk": 30,
		"model": "movies.movie",
		"fields": {
			"title": "에잇스 그레이드",
			"vote_count": 487,
			"vote_average": 7.4,
			"movieId": 489925,
			"poster_url": "/xTa9cLhGHfQ7084UvoPQ2bBXKqd.jpg",
			"description": "",
			"genre": [
				35,
				18
			],
			"popularity": 27.573,
			"image_url": "/7cDZkagW1YTnT4nP1BYrLPSd04B.jpg",
			"title_en": "Eighth Grade",
			"open_date": "2018-01-19",
			"revenue": 13539709,
			"runtime": 94
		}
	},
	{
		"pk": 21,
		"model": "movies.movie",
		"fields": {
			"title": "Mia et le lion blanc",
			"vote_count": 145,
			"vote_average": 7.7,
			"movieId": 498248,
			"poster_url": "/zXfwBeYe0RnqsJ0dnBoFTB4SSrG.jpg",
			"description": "",
			"genre": [
				12,
				18,
				10751
			],
			"popularity": 26.814,
			"image_url": "/aiyXOx5rU7UqYbToD3yDqoFY1gD.jpg",
			"title_en": "Mia et le lion blanc",
			"open_date": "2018-12-26",
			"revenue": 0,
			"runtime": 98
		}
	},
	{
		"pk": 22,
		"model": "movies.movie",
		"fields": {
			"title": "레플리카",
			"vote_count": 251,
			"vote_average": 5.7,
			"movieId": 300681,
			"poster_url": "/vHvbd0ERau7TM9sOhMFiiX6rcK1.jpg",
			"description": "윌의 가족들은 불의의 교통사고로 이미 세상을 떠났지만 신경과학자인 그가 가족의 복제품을 만들어 함께 살아가고 있는 것. 극비리에 가족을 복제하고 윌은 일상의 평화를 되찾지만 아내와 아이들이 하나 둘 몸과 기억의 이상을 호소하기 시작하고 생명 윤리와 법을 거스른 그는 정부의 추적에 쫓기기 시작하는데…",
			"genre": [
				53,
				878
			],
			"popularity": 26.711,
			"image_url": "/sHPfBVFq7dlnXCz1zFdbEdwcBDJ.jpg",
			"title_en": "Replicas",
			"open_date": "2018-10-25",
			"revenue": 8100000,
			"runtime": 107
		}
	},
	{
		"pk": 23,
		"model": "movies.movie",
		"fields": {
			"title": "롱 샷",
			"vote_count": 51,
			"vote_average": 6.9,
			"movieId": 459992,
			"poster_url": "/4gVSRDSx4QYGFtoabQZakauR60T.jpg",
			"description": "첫사랑 베이비시터 ‘샬롯’(샤를리즈 테론)을 20년 만에 만난 실직 기자 ‘프레드’(세스 로건)가 현직 미 국무 장관이자 대선 후보가 된 그녀의 연설문 작가가 되면서 벌어지는 상상불가 케미를 그린 대유잼 로코버스터",
			"genre": [
				35,
				10749
			],
			"popularity": 26.341,
			"image_url": "/88r25ghJzVYKq0vaOApqEOZsQlD.jpg",
			"title_en": "Long Shot",
			"open_date": "2019-05-02",
			"revenue": 0,
			"runtime": 125
		}
	},
	{
		"pk": 24,
		"model": "movies.movie",
		"fields": {
			"title": "Just Charlie",
			"vote_count": 9,
			"vote_average": 10,
			"movieId": 441146,
			"poster_url": "/twGRem4CX7Gz5UWa9CxNS6LRrd9.jpg",
			"description": "",
			"genre": [
				18
			],
			"popularity": 26.25,
			"image_url": "/51zhetva7MSSjFbkFFRzfnXR90n.jpg",
			"title_en": "Just Charlie",
			"open_date": "2019-05-15",
			"revenue": 0,
			"runtime": 97
		}
	},
	{
		"pk": 25,
		"model": "movies.movie",
		"fields": {
			"title": "인트루더",
			"vote_count": 9,
			"vote_average": 7.8,
			"movieId": 524247,
			"poster_url": "/p9xKyetr0ihJ2K6HJMeXzc4IwEv.jpg",
			"description": "",
			"genre": [
				53,
				18
			],
			"popularity": 25.848,
			"image_url": "/kyegg1r5oxRCZgqU7anHYD2TJap.jpg",
			"title_en": "The Intruder",
			"open_date": "2019-05-03",
			"revenue": 0,
			"runtime": 102
		}
	},
	{
		"pk": 27,
		"model": "movies.movie",
		"fields": {
			"title": "All Creatures Here Below",
			"vote_count": 3,
			"vote_average": 0,
			"movieId": 415085,
			"poster_url": "/sT12uF7kVmQrirvzyzuZNMPXNb7.jpg",
			"description": "",
			"genre": [
				18
			],
			"popularity": 24.91,
			"image_url": "/hZSl0328bmUKwawustiEHIwF9j4.jpg",
			"title_en": "All Creatures Here Below",
			"open_date": "2019-05-17",
			"revenue": 0,
			"runtime": null
		}
	},
	{
		"pk": 28,
		"model": "movies.movie",
		"fields": {
			"title": "세레니티",
			"vote_count": 288,
			"vote_average": 5.1,
			"movieId": 452832,
			"poster_url": "/hgWAcic93phg4DOuQ8NrsgQWiqu.jpg",
			"description": "플레이마우스라 불리우는 섬에서 낚시 배를 모는 베이커 딜(매튜 맥커너히)에게 전부인이었던 카렌(앤 해서웨이)이 찾아와 지금의 남편(제이슨 클락)을 제거해달라고 부탁하면서 벌어지는 이야기",
			"genre": [
				53,
				18,
				9648,
				878
			],
			"popularity": 24.831,
			"image_url": "/oOROXoQ402tHgK6NowmMUSLffkW.jpg",
			"title_en": "Serenity",
			"open_date": "2019-01-24",
			"revenue": 0,
			"runtime": 106
		}
	},
	{
		"pk": 29,
		"model": "movies.movie",
		"fields": {
			"title": "경계선",
			"vote_count": 150,
			"vote_average": 6.8,
			"movieId": 517839,
			"poster_url": "/v8dAVKte2x1Zjivt1yNaLyhQdNQ.jpg",
			"description": "출입국 세관 요원인 티나, 그녀는 불법 반입을 시도하는 사람들을 기가 막히게 구분해내는 능력이 있다. 어느 날 입국하는 사람들을 매섭게 바라보던 그녀에게 수상한 남자가 나타나고 티나는 그 남자에게 묘한 매력을 느끼는데…",
			"genre": [
				53,
				14,
				10749,
				878,
				18
			],
			"popularity": 24.238,
			"image_url": "/blHx3LrXsIfefFggOk4gjwdX73i.jpg",
			"title_en": "Gräns",
			"open_date": "2018-09-27",
			"revenue": 0,
			"runtime": 110
		}
	},
	{
		"pk": 30,
		"model": "movies.movie",
		"fields": {
			"title": "악인전",
			"vote_count": 0,
			"vote_average": 0,
			"movieId": 581528,
			"poster_url": "/qzjmbudBcbT06RTqmq4yZuKX8ri.jpg",
			"description": "우연히 연쇄살인마의 표적이 되었다 살아난 조직 보스 장동수와 범인잡기에 혈안이 된 강력반 미친개 정태석. 타협할 수 없는 두 사람이 연쇄살인마 K를 잡기 위해 손잡는다.",
			"genre": [
				80,
				28
			],
			"popularity": 24.009,
			"image_url": "/fI6X3Hd8KvtAuOKVdmxckdNzrx.jpg",
			"title_en": "악인전",
			"open_date": "2019-05-15",
			"revenue": 0,
			"runtime": 107
		}
	},
	{
		"pk": 33,
		"model": "movies.movie",
		"fields": {
			"title": "Tinta Bruta",
			"vote_count": 6,
			"vote_average": 0,
			"movieId": 500854,
			"poster_url": "/k8Iirze10lFXclTVHSWs2J7ueVC.jpg",
			"description": "",
			"genre": [
				18
			],
			"popularity": 23.277,
			"image_url": "/wxzdZjTVsztpqFNRmFnZ7kTYBqy.jpg",
			"title_en": "Tinta Bruta",
			"open_date": "2019-05-15",
			"revenue": 0,
			"runtime": 118
		}
	},
	{
		"pk": 34,
		"model": "movies.movie",
		"fields": {
			"title": "미싱 링크",
			"vote_count": 40,
			"vote_average": 7.2,
			"movieId": 458253,
			"poster_url": "/gEkKHiiQRVUSX15Iwo8VFydXrtu.jpg",
			"description": "",
			"genre": [
				16,
				35,
				12,
				14,
				10751
			],
			"popularity": 23.247,
			"image_url": "/ob4XnKBqAh1rg381hayebJx6EkE.jpg",
			"title_en": "Missing Link",
			"open_date": "2019-04-04",
			"revenue": 0,
			"runtime": 95
		}
	},
	{
		"pk": 35,
		"model": "movies.movie",
		"fields": {
			"title": "See No Evil, Hear No Evil",
			"vote_count": 407,
			"vote_average": 6.6,
			"movieId": 11185,
			"poster_url": "/psB1Zb6sqnzHyCgtJrEJqphflVx.jpg",
			"description": "",
			"genre": [
				80,
				35
			],
			"popularity": 22.829,
			"image_url": "/u7bylbrEzOKRXVq2BzbjYQIpqSy.jpg",
			"title_en": "See No Evil, Hear No Evil",
			"open_date": "1989-05-12",
			"revenue": 46908987,
			"runtime": 103
		}
	},
	{
		"pk": 36,
		"model": "movies.movie",
		"fields": {
			"title": "배심원들",
			"vote_count": 0,
			"vote_average": 0,
			"movieId": 571603,
			"poster_url": "/7RGciFoNF8E5kA6dGDFABW7qK1Z.jpg",
			"description": "국민이 참여하는 역사상 최초의 재판이 열리는 날. 모두의 이목이 집중된 가운데, 나이도 직업도 제각각인 8명의 보통 사람들이 배심원단으로 선정된다. 대한민국 첫 배심원이 된 그들 앞에 놓인 사건은 증거, 증언, 자백도 확실한 살해 사건. 양형 결정만 남아있던 재판이었지만 피고인이 갑자기 혐의를 부인하며 배심원들은 예정에 없던 유무죄를 다투게 된다. 생애 처음 누군가의 죄를 심판해야 하는 배심원들과 사상 처음으로 일반인들과 재판을 함께해야 하는 재판부. 모두가 난감한 상황 속 원칙주의자인 재판장 ‘준겸’(문소리)은 정확하고 신속하게 재판을 끌어가려고 한다. 하지만 끈질기게 질문과 문제 제기를 일삼는 8번 배심원 ‘남우’(박형식)를 비롯한 배심원들의 돌발 행동에 재판은 점점 예기치 못한 방향으로 흐르는데...",
			"genre": [
				18
			],
			"popularity": 22.708,
			"image_url": "/9AkEkzN18El50NYtBYDNtAgjAs6.jpg",
			"title_en": "배심원들",
			"open_date": "2019-05-15",
			"revenue": 0,
			"runtime": 114
		}
	},
	{
		"pk": 37,
		"model": "movies.movie",
		"fields": {
			"title": "더 프로페서",
			"vote_count": 3,
			"vote_average": 0,
			"movieId": 467956,
			"poster_url": "/cypBSinhGuQaZ7VuOmGtcKMp91G.jpg",
			"description": "",
			"genre": [
				35,
				18
			],
			"popularity": 22.687,
			"image_url": "/dnFwUWT36xseF7LwT2PLkX7mbi0.jpg",
			"title_en": "The Professor",
			"open_date": "2019-05-17",
			"revenue": 0,
			"runtime": 90
		}
	},
	{
		"pk": 39,
		"model": "movies.movie",
		"fields": {
			"title": "파이브 피트",
			"vote_count": 490,
			"vote_average": 8.2,
			"movieId": 527641,
			"poster_url": "/oXDWCIrCCA8kfz3kLIzfN61GafF.jpg",
			"description": "같은 병을 가진 사람끼리 6피트 이상 접근해서도, 접촉도 해선 안되는 CF(낭포성 섬유증)를 가진 ‘스텔라’와 ‘윌’. 첫눈에 반한 두 사람은 서로를 위해 안전거리를 유지하려고 하지만 그럴수록 더욱 빠져든다. 손을 잡을 수도 키스를 할 수도 없는 그들은 병 때문에 지켜야 했던 6피트에서 1피트 더 가까워지는 걸 선택하고 처음으로 용기를 내 병원 밖 데이트를 결심한다. 그러나 갑자기 숨을 쉬지 못하는 ‘스텔라’. ‘윌’은 그녀를 살리기 위해 안전거리를 어기게 되는데…",
			"genre": [
				10749,
				18
			],
			"popularity": 22.61,
			"image_url": "/d7wa3VpUpKDQ7GG9EMw8zSJCFoI.jpg",
			"title_en": "Five Feet Apart",
			"open_date": "2019-03-15",
			"revenue": 0,
			"runtime": 116
		}
	},
	{
		"pk": 31,
		"model": "movies.movie",
		"fields": {
			"title": "Boo!",
			"vote_count": 5,
			"vote_average": 0,
			"movieId": 550273,
			"poster_url": "/5Lnt9yuLlPwmYW3LLzWmQQWrUmK.jpg",
			"description": "",
			"genre": [
				27,
				53,
				18,
				9648
			],
			"popularity": 22.541,
			"image_url": "/7ITtc4Hww6CaMEORpKNB4L3T5uE.jpg",
			"title_en": "Boo!",
			"open_date": "2019-05-16",
			"revenue": 0,
			"runtime": 91
		}
	},
	{
		"pk": 32,
		"model": "movies.movie",
		"fields": {
			"title": "드래그드 어크로스 콘크리트",
			"vote_count": 103,
			"vote_average": 6.7,
			"movieId": 438674,
			"poster_url": "/fVG4a27ImyPS4vvNMjCtan3QhDl.jpg",
			"description": "",
			"genre": [
				18,
				80,
				28,
				53
			],
			"popularity": 22.349,
			"image_url": "/sZUbg9K8zGiUmeVYSlUNelVcuzM.jpg",
			"title_en": "Dragged Across Concrete",
			"open_date": "2019-02-21",
			"revenue": 0,
			"runtime": 159
		}
	},
	{
		"pk": 34,
		"model": "movies.movie",
		"fields": {
			"title": "Kardec",
			"vote_count": 0,
			"vote_average": 0,
			"movieId": 600335,
			"poster_url": "/6szecY6OTbG9jLEIhkuy0UovJVo.jpg",
			"description": "",
			"genre": [
				18
			],
			"popularity": 22.267,
			"image_url": "/s2fJBDNh7HaRKmKStv5KqFXTZ8I.jpg",
			"title_en": "Kardec",
			"open_date": "2019-05-16",
			"revenue": 0,
			"runtime": null
		}
	},
	{
		"pk": 36,
		"model": "movies.movie",
		"fields": {
			"title": "헬보이",
			"vote_count": 3946,
			"vote_average": 6.6,
			"movieId": 1487,
			"poster_url": "/l7ofyLowQCZsL1tBPmaBwiPoaoX.jpg",
			"description": "1944년, 2차세계대전에서 수세에 몰린 나치는 러시아의 흑마술사 라스푸틴을 고용, 지옥의 악마를 불러와 전세를 역전시킬 음모를 꾸민다. 라스푸틴의 염력으로 혼돈의 지옥신 자하드가 깨어나고 지옥의 문이 열리려 할 때, 미리 정보를 입수한 연합군의 공격으로 간신히 저지한다. 간발의 차이로 지옥에서 지구로 불려온 헬보이는 B.P.R.D.(Bureau of Paranormal Research &amp; Defence)를 설립한 브룸교수에게 인도되어 텔레파시 예지력을 지닌 양서인간 아베 사피엔, 불을 자유자재로 다루는 '파이로-키네시스' 리즈와 함께 악에 맞서는 전사로 성장한다.",
			"genre": [
				14,
				28
			],
			"popularity": 21.853,
			"image_url": "/13DIK3beAoroeJSdrcYm66s6hal.jpg",
			"title_en": "Hellboy",
			"open_date": "2004-04-02",
			"revenue": 99318987,
			"runtime": 122
		}
	},
	{
		"pk": 37,
		"model": "movies.movie",
		"fields": {
			"title": "샤이닝",
			"vote_count": 8334,
			"vote_average": 8.2,
			"movieId": 694,
			"poster_url": "/vzc4lvpjaZrrfxsnqmhURm37gmB.jpg",
			"description": "소설가인 잭 토랜스(잭 니콜슨)는 콜로라도 산맥에 있는 오버룩 호텔의 관리인으로 취직한다. 다음 시즌 준비를 하는 이곳은 겨울 동안 폐쇄되기 때문에 토랜스의 가족들만 호텔에 머물게 된다. 갑자기 몰아친 폭설로 잭과 아내 웬디(셀리 듀발)와 아들과 함께 호텔에 고립되고, 투시와 텔레파시 능력이 있는 잭의 아들 대니는 호텔에 유령이 있으며 유령들이 천천히 아버지를 미치게 하고 있음을 알게 된다. 잭은 과거에 스스로 자신의 아내와 두 딸을 죽인 이곳의 예전 관리인 그레이디의 유령을 만난다. 과거에 있었던 살인사건의 악령에 휘말린 잭은 호텔을 공포의 도가니로 몰아가는데...",
			"genre": [
				27,
				53
			],
			"popularity": 21.834,
			"image_url": "/h4DcDCOkQBENWBJZjNlPv3adQfM.jpg",
			"title_en": "The Shining",
			"open_date": "1980-05-22",
			"revenue": 44017374,
			"runtime": 144
		}
	},
	{
		"pk": 39,
		"model": "movies.movie",
		"fields": {
			"title": "원더랜드",
			"vote_count": 87,
			"vote_average": 6.3,
			"movieId": 400157,
			"poster_url": "/8KomINZhIuJeB4oB7k7tkq8tmE.jpg",
			"description": "한 소녀, 준의 상상력으로 만들어진 환상적인 놀이공원이 현실로 나타나는 이야기",
			"genre": [
				35,
				16,
				12,
				10751,
				14
			],
			"popularity": 21.415,
			"image_url": "/nJyAdKPnW15IAvC6sLBTE0lp6Dv.jpg",
			"title_en": "Wonder Park",
			"open_date": "2019-03-14",
			"revenue": 0,
			"runtime": 86
		}
	},
	{
		"pk": 43,
		"model": "movies.movie",
		"fields": {
			"title": "The Souvenir",
			"vote_count": 0,
			"vote_average": 0,
			"movieId": 473019,
			"poster_url": "/2svhKzun22mBsbLQRParIWUg3er.jpg",
			"description": "",
			"genre": [
				10749,
				9648,
				18
			],
			"popularity": 20.633,
			"image_url": "/gD2xZAlOLvX2hbcfcl7K2OSp38M.jpg",
			"title_en": "The Souvenir",
			"open_date": "2019-05-17",
			"revenue": 0,
			"runtime": 119
		}
	},
	{
		"pk": 46,
		"model": "movies.movie",
		"fields": {
			"title": "바이스",
			"vote_count": 1125,
			"vote_average": 7.1,
			"movieId": 429197,
			"poster_url": "/bdOClE5efi9o2tNJFmV1gzLTbzm.jpg",
			"description": "대기업의 CEO에서 펜타곤 수장을 거쳐 미국 부통령까지 오른 딕 체니(크리스찬 베일). 재임 시절, 보이지 않는 이면에서 그가 내린 결정들은 세계의 흐름을 바꿔 버리고 뒤바뀐 역사는 다시는 회복될 수 없는 시간에 묻혀버렸다. 이제 그가 바꾼 글로벌한 역사의 변곡점들을 추적한다.",
			"genre": [
				18,
				36,
				35
			],
			"popularity": 20.457,
			"image_url": "/7TTlvADXSxg0yzlGTZFExmw4TSC.jpg",
			"title_en": "Vice",
			"open_date": "2018-12-25",
			"revenue": 66266401,
			"runtime": 132
		}
	},
	{
		"pk": 48,
		"model": "movies.movie",
		"fields": {
			"title": "아틱",
			"vote_count": 172,
			"vote_average": 6.1,
			"movieId": 453755,
			"poster_url": "/8Ol6BtkDutGMwrxmoGNnzpLB4Ji.jpg",
			"description": "비행기 추락 사고 이후, 북극에 조난된 ‘오버가드(매즈 미켈슨)’는 언젠가는 구조될 날이 올 것을 믿고 기다린다. 그는 매일 정해진 시간에 무전을 치고, 북극의 지형을 조사하고, 송어를 잡고, 죽은 동료의 무덤에 가서 인사를 한다. 그러던 어느 날, 추락한 헬기 속 생존자를 발견한다. 심각한 부상으로 인해 이대로 구조를 기다릴 수는 없고, 자칫 이동하면 함께 위험해질 수 있는 상황… 하지만 홀로 지내면서 잊고 있었던 생명의 온기. 그녀를 살리기 위해, 지도 한 장에 의지한 채 임시 기지를 찾아가기로 결심한다.",
			"genre": [
				18,
				12
			],
			"popularity": 19.919,
			"image_url": "/adNNHvX31BATsQjSBurupj0gt30.jpg",
			"title_en": "Arctic",
			"open_date": "2018-07-26",
			"revenue": 0,
			"runtime": 98
		}
	},
	{
		"pk": 50,
		"model": "movies.movie",
		"fields": {
			"title": "어 도그스 저니",
			"vote_count": 4,
			"vote_average": 6,
			"movieId": 522518,
			"poster_url": "/4pzN52wxBZ05EXBdoii1kqoIoD4.jpg",
			"description": "",
			"genre": [
				10751
			],
			"popularity": 19.48,
			"image_url": "/52bVQBX0szmltMe5pfcmpqYk1KX.jpg",
			"title_en": "A Dog's Journey",
			"open_date": "2019-05-03",
			"revenue": 0,
			"runtime": 120
		}
	}
]